region,year,poverty_percent
Российская Федерация,1992,33.5
Российская Федерация,1993,31.3
Российская Федерация,1994,22.4
Российская Федерация,1995,24.8
Российская Федерация,1996,22.1
Российская Федерация,1997,20.8
Российская Федерация,1998,23.4
Российская Федерация,1999,28.4
Российская Федерация,2000,29.0
Российская Федерация,2001,27.5
Российская Федерация,2002,24.6
Российская Федерация,2003,20.3
Российская Федерация,2004,17.6
Российская Федерация,2005,17.8
Российская Федерация,2006,15.2
Российская Федерация,2007,13.3
Российская Федерация,2008,13.4
Российская Федерация,2009,13.0
Российская Федерация,2010,12.5
Российская Федерация,2011,12.7
Российская Федерация,2012,10.7
Российская Федерация,2013,10.8
Российская Федерация,2014,11.3
Российская Федерация,2015,13.4
Российская Федерация,2016,13.2
Российская Федерация,2017,12.9
Российская Федерация,2018,12.6
Российская Федерация,2019,12.3
Российская Федерация,2020,12.1
    Центральный федеральный округ,2003,0.0
    Центральный федеральный округ,2004,0.0
    Центральный федеральный округ,2005,0.0
    Центральный федеральный округ,2006,0.0
    Центральный федеральный округ,2007,0.0
    Центральный федеральный округ,2008,0.0
    Центральный федеральный округ,2009,0.0
    Центральный федеральный округ,2010,0.0
    Центральный федеральный округ,2011,0.0
    Центральный федеральный округ,2012,0.0
    Центральный федеральный округ,2013,0.0
    Центральный федеральный округ,2014,0.0
    Центральный федеральный округ,2015,0.0
    Центральный федеральный округ,2016,0.0
    Центральный федеральный округ,2017,0.0
    Центральный федеральный округ,2018,0.0
        Белгородская область,1995,19.9
        Белгородская область,1996,17.6
        Белгородская область,1997,18.9
        Белгородская область,1998,20.1
        Белгородская область,1999,24.2
        Белгородская область,2000,33.6
        Белгородская область,2001,29.1
        Белгородская область,2002,25.4
        Белгородская область,2003,22.9
        Белгородская область,2004,20.7
        Белгородская область,2005,18.1
        Белгородская область,2006,15.1
        Белгородская область,2007,12.5
        Белгородская область,2008,10.0
        Белгородская область,2009,10.1
        Белгородская область,2010,8.2
        Белгородская область,2011,8.6
        Белгородская область,2012,6.5
        Белгородская область,2013,7.6
        Белгородская область,2014,7.7
        Белгородская область,2015,8.5
        Белгородская область,2016,8.1
        Белгородская область,2017,7.8
        Белгородская область,2018,7.5
        Белгородская область,2019,7.8
        Белгородская область,2020,7.2
        Брянская область,1995,22.7
        Брянская область,1996,19.2
        Брянская область,1997,18.4
        Брянская область,1998,25.3
        Брянская область,1999,39.6
        Брянская область,2000,42.3
        Брянская область,2001,35.8
        Брянская область,2002,31.2
        Брянская область,2003,26.7
        Брянская область,2004,25.2
        Брянская область,2005,20.0
        Брянская область,2006,19.4
        Брянская область,2007,18.3
        Брянская область,2008,15.7
        Брянская область,2009,15.2
        Брянская область,2010,13.5
        Брянская область,2011,12.6
        Брянская область,2012,10.5
        Брянская область,2013,12.6
        Брянская область,2014,13.2
        Брянская область,2015,14.1
        Брянская область,2016,14.4
        Брянская область,2017,14.2
        Брянская область,2018,13.6
        Брянская область,2019,13.8
        Брянская область,2020,13.6
        Владимирская область,1995,27.6
        Владимирская область,1996,26.7
        Владимирская область,1997,23.9
        Владимирская область,1998,27.7
        Владимирская область,1999,37.5
        Владимирская область,2000,44.7
        Владимирская область,2001,40.7
        Владимирская область,2002,35.3
        Владимирская область,2003,30.3
        Владимирская область,2004,29.7
        Владимирская область,2005,29.5
        Владимирская область,2006,25.5
        Владимирская область,2007,23.1
        Владимирская область,2008,19.9
        Владимирская область,2009,19.5
        Владимирская область,2010,17.3
        Владимирская область,2011,17.5
        Владимирская область,2012,15.0
        Владимирская область,2013,14.1
        Владимирская область,2014,14.2
        Владимирская область,2015,14.7
        Владимирская область,2016,14.6
        Владимирская область,2017,13.2
        Владимирская область,2018,13.1
        Владимирская область,2019,12.6
        Владимирская область,2020,12.5
        Воронежская область,1995,23.1
        Воронежская область,1996,25.1
        Воронежская область,1997,20.2
        Воронежская область,1998,20.1
        Воронежская область,1999,29.4
        Воронежская область,2000,41.9
        Воронежская область,2001,36.6
        Воронежская область,2002,33.8
        Воронежская область,2003,28.9
        Воронежская область,2004,25.4
        Воронежская область,2005,23.7
        Воронежская область,2006,20.2
        Воронежская область,2007,20.0
        Воронежская область,2008,18.2
        Воронежская область,2009,20.1
        Воронежская область,2010,18.4
        Воронежская область,2011,17.2
        Воронежская область,2012,10.3
        Воронежская область,2013,9.4
        Воронежская область,2014,9.2
        Воронежская область,2015,9.5
        Воронежская область,2016,9.4
        Воронежская область,2017,9.0
        Воронежская область,2018,8.9
        Воронежская область,2019,8.9
        Воронежская область,2020,8.5
        Ивановская область,1995,33.3
        Ивановская область,1996,31.4
        Ивановская область,1997,26.5
        Ивановская область,1998,30.0
        Ивановская область,1999,59.5
        Ивановская область,2000,68.4
        Ивановская область,2001,68.2
        Ивановская область,2002,60.8
        Ивановская область,2003,53.3
        Ивановская область,2004,47.6
        Ивановская область,2005,41.3
        Ивановская область,2006,34.6
        Ивановская область,2007,31.6
        Ивановская область,2008,22.6
        Ивановская область,2009,22.7
        Ивановская область,2010,20.1
        Ивановская область,2011,19.0
        Ивановская область,2012,13.8
        Ивановская область,2013,14.4
        Ивановская область,2014,14.6
        Ивановская область,2015,16.0
        Ивановская область,2016,14.9
        Ивановская область,2017,14.3
        Ивановская область,2018,14.7
        Ивановская область,2019,14.2
        Ивановская область,2020,13.7
        Калужская область,1995,26.6
        Калужская область,1996,24.5
        Калужская область,1997,24.7
        Калужская область,1998,24.2
        Калужская область,1999,42.3
        Калужская область,2000,45.5
        Калужская область,2001,40.3
        Калужская область,2002,35.0
        Калужская область,2003,29.6
        Калужская область,2004,23.2
        Калужская область,2005,19.9
        Калужская область,2006,17.4
        Калужская область,2007,14.0
        Калужская область,2008,12.9
        Калужская область,2009,12.3
        Калужская область,2010,11.3
        Калужская область,2011,11.1
        Калужская область,2012,8.5
        Калужская область,2013,9.4
        Калужская область,2014,9.7
        Калужская область,2015,10.8
        Калужская область,2016,10.3
        Калужская область,2017,10.0
        Калужская область,2018,10.4
        Калужская область,2019,10.2
        Калужская область,2020,9.7
        Костромская область,1995,29.9
        Костромская область,1996,21.2
        Костромская область,1997,19.3
        Костромская область,1998,25.3
        Костромская область,1999,38.3
        Костромская область,2000,37.5
        Костромская область,2001,36.6
        Костромская область,2002,35.5
        Костромская область,2003,33.1
        Костромская область,2004,28.4
        Костромская область,2005,23.2
        Костромская область,2006,18.9
        Костромская область,2007,18.4
        Костромская область,2008,18.2
        Костромская область,2009,19.0
        Костромская область,2010,15.7
        Костромская область,2011,16.5
        Костромская область,2012,15.1
        Костромская область,2013,14.2
        Костромская область,2014,13.6
        Костромская область,2015,14.3
        Костромская область,2016,13.7
        Костромская область,2017,13.4
        Костромская область,2018,12.7
        Костромская область,2019,12.6
        Костромская область,2020,12.5
        Курская область,1995,19.9
        Курская область,1996,24.9
        Курская область,1997,22.1
        Курская область,1998,25.1
        Курская область,1999,36.6
        Курская область,2000,42.2
        Курская область,2001,39.5
        Курская область,2002,33.7
        Курская область,2003,30.7
        Курская область,2004,24.9
        Курская область,2005,20.2
        Курская область,2006,15.3
        Курская область,2007,12.5
        Курская область,2008,11.1
        Курская область,2009,11.7
        Курская область,2010,10.8
        Курская область,2011,10.4
        Курская область,2012,8.2
        Курская область,2013,9.6
        Курская область,2014,9.2
        Курская область,2015,10.4
        Курская область,2016,10.5
        Курская область,2017,10.3
        Курская область,2018,9.9
        Курская область,2019,9.9
        Курская область,2020,9.9
        Липецкая область,1995,18.6
        Липецкая область,1996,17.3
        Липецкая область,1997,17.5
        Липецкая область,1998,19.4
        Липецкая область,1999,30.7
        Липецкая область,2000,30.9
        Липецкая область,2001,24.8
        Липецкая область,2002,25.8
        Липецкая область,2003,22.2
        Липецкая область,2004,19.1
        Липецкая область,2005,15.4
        Липецкая область,2006,11.6
        Липецкая область,2007,10.9
        Липецкая область,2008,10.5
        Липецкая область,2009,9.9
        Липецкая область,2010,9.9
        Липецкая область,2011,10.6
        Липецкая область,2012,8.4
        Липецкая область,2013,7.9
        Липецкая область,2014,8.3
        Липецкая область,2015,9.3
        Липецкая область,2016,9.2
        Липецкая область,2017,8.8
        Липецкая область,2018,8.7
        Липецкая область,2019,8.6
        Липецкая область,2020,8.4
        Московская область,1995,31.7
        Московская область,1996,24.0
        Московская область,1997,20.3
        Московская область,1998,22.3
        Московская область,1999,27.7
        Московская область,2000,35.2
        Московская область,2001,30.9
        Московская область,2002,27.4
        Московская область,2003,26.1
        Московская область,2004,21.8
        Московская область,2005,18.4
        Московская область,2006,13.0
        Московская область,2007,11.0
        Московская область,2008,9.3
        Московская область,2009,10.6
        Московская область,2010,10.1
        Московская область,2011,9.6
        Московская область,2012,6.9
        Московская область,2013,7.5
        Московская область,2014,7.6
        Московская область,2015,8.3
        Московская область,2016,7.8
        Московская область,2017,7.9
        Московская область,2018,7.3
        Московская область,2019,7.3
        Московская область,2020,6.8
        Орловская область,1995,22.7
        Орловская область,1996,20.1
        Орловская область,1997,21.4
        Орловская область,1998,25.1
        Орловская область,1999,34.6
        Орловская область,2000,41.6
        Орловская область,2001,35.1
        Орловская область,2002,30.6
        Орловская область,2003,28.0
        Орловская область,2004,24.3
        Орловская область,2005,23.5
        Орловская область,2006,20.8
        Орловская область,2007,19.4
        Орловская область,2008,16.3
        Орловская область,2009,17.5
        Орловская область,2010,14.7
        Орловская область,2011,14.5
        Орловская область,2012,11.3
        Орловская область,2013,13.3
        Орловская область,2014,13.5
        Орловская область,2015,14.5
        Орловская область,2016,14.2
        Орловская область,2017,13.9
        Орловская область,2018,13.5
        Орловская область,2019,13.6
        Орловская область,2020,12.9
        Рязанская область,1995,24.4
        Рязанская область,1996,23.4
        Рязанская область,1997,21.2
        Рязанская область,1998,28.4
        Рязанская область,1999,46.9
        Рязанская область,2000,49.3
        Рязанская область,2001,38.3
        Рязанская область,2002,31.3
        Рязанская область,2003,27.7
        Рязанская область,2004,27.9
        Рязанская область,2005,22.7
        Рязанская область,2006,20.5
        Рязанская область,2007,17.3
        Рязанская область,2008,14.6
        Рязанская область,2009,15.9
        Рязанская область,2010,15.0
        Рязанская область,2011,16.0
        Рязанская область,2012,12.5
        Рязанская область,2013,12.3
        Рязанская область,2014,11.0
        Рязанская область,2015,13.0
        Рязанская область,2016,12.8
        Рязанская область,2017,13.3
        Рязанская область,2018,13.0
        Рязанская область,2019,12.7
        Рязанская область,2020,12.8
        Смоленская область,1995,19.5
        Смоленская область,1996,20.3
        Смоленская область,1997,18.0
        Смоленская область,1998,22.9
        Смоленская область,1999,32.0
        Смоленская область,2000,29.8
        Смоленская область,2001,27.0
        Смоленская область,2002,25.2
        Смоленская область,2003,23.4
        Смоленская область,2004,21.2
        Смоленская область,2005,18.1
        Смоленская область,2006,19.7
        Смоленская область,2007,18.0
        Смоленская область,2008,14.9
        Смоленская область,2009,15.4
        Смоленская область,2010,15.2
        Смоленская область,2011,17.3
        Смоленская область,2012,14.8
        Смоленская область,2013,15.7
        Смоленская область,2014,15.7
        Смоленская область,2015,17.6
        Смоленская область,2016,17.8
        Смоленская область,2017,16.9
        Смоленская область,2018,16.4
        Смоленская область,2019,16.3
        Смоленская область,2020,15.6
        Тамбовская область,1995,21.7
        Тамбовская область,1996,22.6
        Тамбовская область,1997,20.7
        Тамбовская область,1998,24.4
        Тамбовская область,1999,30.7
        Тамбовская область,2000,45.9
        Тамбовская область,2001,36.5
        Тамбовская область,2002,27.2
        Тамбовская область,2003,22.9
        Тамбовская область,2004,21.3
        Тамбовская область,2005,16.9
        Тамбовская область,2006,15.0
        Тамбовская область,2007,13.7
        Тамбовская область,2008,11.3
        Тамбовская область,2009,11.9
        Тамбовская область,2010,10.8
        Тамбовская область,2011,10.7
        Тамбовская область,2012,9.4
        Тамбовская область,2013,8.2
        Тамбовская область,2014,9.6
        Тамбовская область,2015,10.7
        Тамбовская область,2016,10.6
        Тамбовская область,2017,10.4
        Тамбовская область,2018,9.8
        Тамбовская область,2019,10.7
        Тамбовская область,2020,10.8
        Тверская область,1995,28.0
        Тверская область,1996,23.4
        Тверская область,1997,22.1
        Тверская область,1998,27.8
        Тверская область,1999,51.7
        Тверская область,2000,51.5
        Тверская область,2001,46.9
        Тверская область,2002,38.7
        Тверская область,2003,33.7
        Тверская область,2004,26.2
        Тверская область,2005,18.6
        Тверская область,2006,13.9
        Тверская область,2007,14.8
        Тверская область,2008,13.9
        Тверская область,2009,14.1
        Тверская область,2010,13.2
        Тверская область,2011,13.5
        Тверская область,2012,11.4
        Тверская область,2013,11.6
        Тверская область,2014,11.6
        Тверская область,2015,13.0
        Тверская область,2016,12.8
        Тверская область,2017,12.4
        Тверская область,2018,12.2
        Тверская область,2019,11.7
        Тверская область,2020,11.4
        Тульская область,1995,16.2
        Тульская область,1996,16.8
        Тульская область,1997,15.8
        Тульская область,1998,22.0
        Тульская область,1999,34.2
        Тульская область,2000,32.2
        Тульская область,2001,25.9
        Тульская область,2002,21.8
        Тульская область,2003,20.5
        Тульская область,2004,20.1
        Тульская область,2005,17.4
        Тульская область,2006,14.8
        Тульская область,2007,14.5
        Тульская область,2008,13.1
        Тульская область,2009,12.5
        Тульская область,2010,11.0
        Тульская область,2011,10.9
        Тульская область,2012,9.5
        Тульская область,2013,9.7
        Тульская область,2014,9.8
        Тульская область,2015,10.6
        Тульская область,2016,10.0
        Тульская область,2017,9.9
        Тульская область,2018,10.0
        Тульская область,2019,10.3
        Тульская область,2020,10.1
        Ярославская область,1995,21.3
        Ярославская область,1996,20.4
        Ярославская область,1997,18.5
        Ярославская область,1998,22.5
        Ярославская область,1999,27.0
        Ярославская область,2000,30.7
        Ярославская область,2001,26.8
        Ярославская область,2002,21.4
        Ярославская область,2003,19.2
        Ярославская область,2004,16.5
        Ярославская область,2005,17.2
        Ярославская область,2006,13.4
        Ярославская область,2007,14.8
        Ярославская область,2008,14.1
        Ярославская область,2009,15.6
        Ярославская область,2010,12.8
        Ярославская область,2011,13.4
        Ярославская область,2012,10.9
        Ярославская область,2013,10.8
        Ярославская область,2014,10.3
        Ярославская область,2015,10.8
        Ярославская область,2016,11.0
        Ярославская область,2017,10.7
        Ярославская область,2018,10.2
        Ярославская область,2019,10.3
        Ярославская область,2020,9.9
        Город Москва столица Российской Федерации город федерального значения,1995,19.2
        Город Москва столица Российской Федерации город федерального значения,1996,18.0
        Город Москва столица Российской Федерации город федерального значения,1997,16.5
        Город Москва столица Российской Федерации город федерального значения,1998,16.4
        Город Москва столица Российской Федерации город федерального значения,1999,22.4
        Город Москва столица Российской Федерации город федерального значения,2000,23.6
        Город Москва столица Российской Федерации город федерального значения,2001,21.8
        Город Москва столица Российской Федерации город федерального значения,2002,20.7
        Город Москва столица Российской Федерации город федерального значения,2003,18.6
        Город Москва столица Российской Федерации город федерального значения,2004,14.7
        Город Москва столица Российской Федерации город федерального значения,2005,13.3
        Город Москва столица Российской Федерации город федерального значения,2006,13.5
        Город Москва столица Российской Федерации город федерального значения,2007,11.9
        Город Москва столица Российской Федерации город федерального значения,2008,12.5
        Город Москва столица Российской Федерации город федерального значения,2009,10.3
        Город Москва столица Российской Федерации город федерального значения,2010,10.0
        Город Москва столица Российской Федерации город федерального значения,2011,10.0
        Город Москва столица Российской Федерации город федерального значения,2012,9.6
        Город Москва столица Российской Федерации город федерального значения,2013,8.7
        Город Москва столица Российской Федерации город федерального значения,2014,8.8
        Город Москва столица Российской Федерации город федерального значения,2015,8.9
        Город Москва столица Российской Федерации город федерального значения,2016,8.5
        Город Москва столица Российской Федерации город федерального значения,2017,7.5
        Город Москва столица Российской Федерации город федерального значения,2018,6.6
        Город Москва столица Российской Федерации город федерального значения,2019,6.4
        Город Москва столица Российской Федерации город федерального значения,2020,6.0
    Северо-Западный федеральный округ,2003,0.0
    Северо-Западный федеральный округ,2004,0.0
    Северо-Западный федеральный округ,2005,0.0
    Северо-Западный федеральный округ,2006,0.0
    Северо-Западный федеральный округ,2007,0.0
    Северо-Западный федеральный округ,2008,0.0
    Северо-Западный федеральный округ,2009,0.0
    Северо-Западный федеральный округ,2010,0.0
    Северо-Западный федеральный округ,2011,0.0
    Северо-Западный федеральный округ,2012,0.0
    Северо-Западный федеральный округ,2013,0.0
    Северо-Западный федеральный округ,2014,0.0
    Северо-Западный федеральный округ,2015,0.0
    Северо-Западный федеральный округ,2016,0.0
    Северо-Западный федеральный округ,2017,0.0
    Северо-Западный федеральный округ,2018,0.0
        Республика Карелия,1995,23.0
        Республика Карелия,1996,20.5
        Республика Карелия,1997,19.0
        Республика Карелия,1998,22.9
        Республика Карелия,1999,25.4
        Республика Карелия,2000,22.3
        Республика Карелия,2001,23.0
        Республика Карелия,2002,18.8
        Республика Карелия,2003,18.9
        Республика Карелия,2004,18.1
        Республика Карелия,2005,15.9
        Республика Карелия,2006,14.6
        Республика Карелия,2007,16.0
        Республика Карелия,2008,15.6
        Республика Карелия,2009,15.8
        Республика Карелия,2010,14.9
        Республика Карелия,2011,15.7
        Республика Карелия,2012,13.6
        Республика Карелия,2013,13.4
        Республика Карелия,2014,14.1
        Республика Карелия,2015,16.2
        Республика Карелия,2016,16.7
        Республика Карелия,2017,16.5
        Республика Карелия,2018,15.6
        Республика Карелия,2019,15.7
        Республика Карелия,2020,15.1
        Республика Коми,1995,18.4
        Республика Коми,1996,19.3
        Республика Коми,1997,14.8
        Республика Коми,1998,16.1
        Республика Коми,1999,20.9
        Республика Коми,2000,26.3
        Республика Коми,2001,21.0
        Республика Коми,2002,19.4
        Республика Коми,2003,18.4
        Республика Коми,2004,16.7
        Республика Коми,2005,14.9
        Республика Коми,2006,14.6
        Республика Коми,2007,13.8
        Республика Коми,2008,15.1
        Республика Коми,2009,16.5
        Республика Коми,2010,15.6
        Республика Коми,2011,16.3
        Республика Коми,2012,13.4
        Республика Коми,2013,14.0
        Республика Коми,2014,14.9
        Республика Коми,2015,15.6
        Республика Коми,2016,16.1
        Республика Коми,2017,15.7
        Республика Коми,2018,14.9
        Республика Коми,2019,15.5
        Республика Коми,2020,15.3
        Архангельская область,1995,26.2
        Архангельская область,1996,26.8
        Архангельская область,1997,23.9
        Архангельская область,1998,31.6
        Архангельская область,1999,42.6
        Архангельская область,2000,33.5
        Архангельская область,2001,27.4
        Архангельская область,2002,26.5
        Архангельская область,2003,23.5
        Архангельская область,2004,19.6
        Архангельская область,2005,17.5
        Архангельская область,2006,17.2
        Архангельская область,2007,15.9
        Архангельская область,2008,14.4
        Архангельская область,2009,13.6
        Архангельская область,2010,14.0
        Архангельская область,2011,14.4
        Архангельская область,2012,13.2
        Архангельская область,2013,14.6
        Архангельская область,2014,14.8
        Архангельская область,2015,16.5
        Архангельская область,2016,15.2
        Архангельская область,2017,14.3
        Архангельская область,2018,13.5
        Архангельская область,2019,13.6
        Архангельская область,2020,12.8
            Ненецкий автономный округ (Архангельская область),1995,0.0
            Ненецкий автономный округ (Архангельская область),1996,0.0
            Ненецкий автономный округ (Архангельская область),1997,0.0
            Ненецкий автономный округ (Архангельская область),1998,0.0
            Ненецкий автономный округ (Архангельская область),1999,0.0
            Ненецкий автономный округ (Архангельская область),2000,37.9
            Ненецкий автономный округ (Архангельская область),2001,26.9
            Ненецкий автономный округ (Архангельская область),2002,21.5
            Ненецкий автономный округ (Архангельская область),2003,8.3
            Ненецкий автономный округ (Архангельская область),2004,8.2
            Ненецкий автономный округ (Архангельская область),2005,9.0
            Ненецкий автономный округ (Архангельская область),2006,8.0
            Ненецкий автономный округ (Архангельская область),2007,5.7
            Ненецкий автономный округ (Архангельская область),2008,5.6
            Ненецкий автономный округ (Архангельская область),2009,7.3
            Ненецкий автономный округ (Архангельская область),2010,7.5
            Ненецкий автономный округ (Архангельская область),2011,7.7
            Ненецкий автономный округ (Архангельская область),2012,6.5
            Ненецкий автономный округ (Архангельская область),2013,7.8
            Ненецкий автономный округ (Архангельская область),2014,8.9
            Ненецкий автономный округ (Архангельская область),2015,9.4
            Ненецкий автономный округ (Архангельская область),2016,10.1
            Ненецкий автономный округ (Архангельская область),2017,10.6
            Ненецкий автономный округ (Архангельская область),2018,9.7
            Ненецкий автономный округ (Архангельская область),2019,9.4
            Ненецкий автономный округ (Архангельская область),2020,9.4
            Архангельская область (кроме Ненецкого автономного округа),2012,13.0
            Архангельская область (кроме Ненецкого автономного округа),2013,14.5
            Архангельская область (кроме Ненецкого автономного округа),2014,14.5
            Архангельская область (кроме Ненецкого автономного округа),2015,16.2
            Архангельская область (кроме Ненецкого автономного округа),2016,14.9
            Архангельская область (кроме Ненецкого автономного округа),2017,13.9
            Архангельская область (кроме Ненецкого автономного округа),2018,12.5
            Архангельская область (кроме Ненецкого автономного округа),2019,12.7
            Архангельская область (кроме Ненецкого автономного округа),2020,12.3
        Вологодская область,1995,19.9
        Вологодская область,1996,21.1
        Вологодская область,1997,18.6
        Вологодская область,1998,22.7
        Вологодская область,1999,33.5
        Вологодская область,2000,25.5
        Вологодская область,2001,23.1
        Вологодская область,2002,22.8
        Вологодская область,2003,20.0
        Вологодская область,2004,17.9
        Вологодская область,2005,18.3
        Вологодская область,2006,16.5
        Вологодская область,2007,14.8
        Вологодская область,2008,15.7
        Вологодская область,2009,18.2
        Вологодская область,2010,16.8
        Вологодская область,2011,17.1
        Вологодская область,2012,13.2
        Вологодская область,2013,14.0
        Вологодская область,2014,13.5
        Вологодская область,2015,14.5
        Вологодская область,2016,13.8
        Вологодская область,2017,13.9
        Вологодская область,2018,13.5
        Вологодская область,2019,12.9
        Вологодская область,2020,12.8
        Калининградская область,1995,27.2
        Калининградская область,1996,25.6
        Калининградская область,1997,25.0
        Калининградская область,1998,25.5
        Калининградская область,1999,30.2
        Калининградская область,2000,37.7
        Калининградская область,2001,39.1
        Калининградская область,2002,39.6
        Калининградская область,2003,28.0
        Калининградская область,2004,25.4
        Калининградская область,2005,19.9
        Калининградская область,2006,14.2
        Калининградская область,2007,12.4
        Калининградская область,2008,13.6
        Калининградская область,2009,13.1
        Калининградская область,2010,12.4
        Калининградская область,2011,12.7
        Калининградская область,2012,10.8
        Калининградская область,2013,12.7
        Калининградская область,2014,12.4
        Калининградская область,2015,13.6
        Калининградская область,2016,14.1
        Калининградская область,2017,13.8
        Калининградская область,2018,13.6
        Калининградская область,2019,13.5
        Калининградская область,2020,13.5
        Ленинградская область,1995,29.5
        Ленинградская область,1996,24.1
        Ленинградская область,1997,24.7
        Ленинградская область,1998,35.5
        Ленинградская область,1999,53.1
        Ленинградская область,2000,50.9
        Ленинградская область,2001,48.1
        Ленинградская область,2002,42.1
        Ленинградская область,2003,37.0
        Ленинградская область,2004,24.8
        Ленинградская область,2005,21.1
        Ленинградская область,2006,14.9
        Ленинградская область,2007,13.2
        Ленинградская область,2008,13.5
        Ленинградская область,2009,14.1
        Ленинградская область,2010,12.6
        Ленинградская область,2011,13.0
        Ленинградская область,2012,11.9
        Ленинградская область,2013,10.7
        Ленинградская область,2014,9.8
        Ленинградская область,2015,10.3
        Ленинградская область,2016,9.7
        Ленинградская область,2017,9.0
        Ленинградская область,2018,8.4
        Ленинградская область,2019,8.8
        Ленинградская область,2020,8.7
        Мурманская область,1995,22.0
        Мурманская область,1996,18.1
        Мурманская область,1997,16.4
        Мурманская область,1998,17.9
        Мурманская область,1999,21.3
        Мурманская область,2000,24.9
        Мурманская область,2001,22.3
        Мурманская область,2002,22.6
        Мурманская область,2003,21.1
        Мурманская область,2004,19.4
        Мурманская область,2005,19.1
        Мурманская область,2006,17.4
        Мурманская область,2007,14.6
        Мурманская область,2008,13.8
        Мурманская область,2009,13.5
        Мурманская область,2010,13.2
        Мурманская область,2011,13.6
        Мурманская область,2012,11.1
        Мурманская область,2013,11.0
        Мурманская область,2014,11.0
        Мурманская область,2015,12.7
        Мурманская область,2016,12.0
        Мурманская область,2017,11.3
        Мурманская область,2018,9.9
        Мурманская область,2019,10.6
        Мурманская область,2020,10.1
        Новгородская область,1995,22.8
        Новгородская область,1996,17.2
        Новгородская область,1997,17.6
        Новгородская область,1998,17.7
        Новгородская область,1999,32.7
        Новгородская область,2000,34.2
        Новгородская область,2001,31.4
        Новгородская область,2002,30.8
        Новгородская область,2003,27.7
        Новгородская область,2004,26.7
        Новгородская область,2005,23.8
        Новгородская область,2006,19.9
        Новгородская область,2007,20.3
        Новгородская область,2008,17.8
        Новгородская область,2009,16.5
        Новгородская область,2010,14.9
        Новгородская область,2011,15.0
        Новгородская область,2012,11.7
        Новгородская область,2013,12.6
        Новгородская область,2014,12.6
        Новгородская область,2015,13.9
        Новгородская область,2016,14.8
        Новгородская область,2017,13.9
        Новгородская область,2018,13.6
        Новгородская область,2019,13.8
        Новгородская область,2020,13.6
        Псковская область,1995,42.7
        Псковская область,1996,32.4
        Псковская область,1997,27.4
        Псковская область,1998,34.1
        Псковская область,1999,47.0
        Псковская область,2000,44.8
        Псковская область,2001,37.5
        Псковская область,2002,27.5
        Псковская область,2003,20.9
        Псковская область,2004,18.2
        Псковская область,2005,19.2
        Псковская область,2006,18.3
        Псковская область,2007,16.9
        Псковская область,2008,15.9
        Псковская область,2009,16.2
        Псковская область,2010,15.6
        Псковская область,2011,16.7
        Псковская область,2012,15.4
        Псковская область,2013,15.9
        Псковская область,2014,15.8
        Псковская область,2015,19.0
        Псковская область,2016,19.0
        Псковская область,2017,17.7
        Псковская область,2018,17.0
        Псковская область,2019,16.2
        Псковская область,2020,16.2
        Город Санкт-Петербург город федерального значения,1995,20.1
        Город Санкт-Петербург город федерального значения,1996,22.6
        Город Санкт-Петербург город федерального значения,1997,23.2
        Город Санкт-Петербург город федерального значения,1998,24.7
        Город Санкт-Петербург город федерального значения,1999,33.1
        Город Санкт-Петербург город федерального значения,2000,27.3
        Город Санкт-Петербург город федерального значения,2001,23.8
        Город Санкт-Петербург город федерального значения,2002,21.2
        Город Санкт-Петербург город федерального значения,2003,15.7
        Город Санкт-Петербург город федерального значения,2004,13.0
        Город Санкт-Петербург город федерального значения,2005,10.3
        Город Санкт-Петербург город федерального значения,2006,10.1
        Город Санкт-Петербург город федерального значения,2007,9.6
        Город Санкт-Петербург город федерального значения,2008,11.5
        Город Санкт-Петербург город федерального значения,2009,9.4
        Город Санкт-Петербург город федерального значения,2010,8.6
        Город Санкт-Петербург город федерального значения,2011,9.1
        Город Санкт-Петербург город федерального значения,2012,9.0
        Город Санкт-Петербург город федерального значения,2013,8.2
        Город Санкт-Петербург город федерального значения,2014,8.7
        Город Санкт-Петербург город федерального значения,2015,8.5
        Город Санкт-Петербург город федерального значения,2016,8.3
        Город Санкт-Петербург город федерального значения,2017,7.3
        Город Санкт-Петербург город федерального значения,2018,6.5
        Город Санкт-Петербург город федерального значения,2019,6.4
        Город Санкт-Петербург город федерального значения,2020,5.9
    Южный федеральный округ (с 2010 года),2003,0.0
    Южный федеральный округ (с 2010 года),2004,0.0
    Южный федеральный округ (с 2010 года),2005,0.0
    Южный федеральный округ (с 2010 года),2006,0.0
    Южный федеральный округ (с 2010 года),2007,0.0
    Южный федеральный округ (с 2010 года),2008,0.0
    Южный федеральный округ (с 2010 года),2009,0.0
    Южный федеральный округ (с 2010 года),2010,0.0
    Южный федеральный округ (с 2010 года),2011,0.0
    Южный федеральный округ (с 2010 года),2012,0.0
    Южный федеральный округ (с 2010 года),2013,0.0
    Южный федеральный округ (с 2010 года),2014,0.0
    Южный федеральный округ (с 2010 года),2015,0.0
    Южный федеральный округ (с 29.07.2016),2015,0.0
    Южный федеральный округ (с 29.07.2016),2016,0.0
    Южный федеральный округ (с 29.07.2016),2017,0.0
    Южный федеральный округ (с 29.07.2016),2018,0.0
        Республика Адыгея (Адыгея),1995,46.5
        Республика Адыгея (Адыгея),1996,37.7
        Республика Адыгея (Адыгея),1997,34.5
        Республика Адыгея (Адыгея),1998,38.3
        Республика Адыгея (Адыгея),1999,43.0
        Республика Адыгея (Адыгея),2000,37.2
        Республика Адыгея (Адыгея),2001,41.3
        Республика Адыгея (Адыгея),2002,34.6
        Республика Адыгея (Адыгея),2003,34.6
        Республика Адыгея (Адыгея),2004,33.6
        Республика Адыгея (Адыгея),2005,33.0
        Республика Адыгея (Адыгея),2006,32.7
        Республика Адыгея (Адыгея),2007,30.1
        Республика Адыгея (Адыгея),2008,23.9
        Республика Адыгея (Адыгея),2009,18.4
        Республика Адыгея (Адыгея),2010,16.0
        Республика Адыгея (Адыгея),2011,14.6
        Республика Адыгея (Адыгея),2012,11.3
        Республика Адыгея (Адыгея),2013,12.0
        Республика Адыгея (Адыгея),2014,11.0
        Республика Адыгея (Адыгея),2015,13.9
        Республика Адыгея (Адыгея),2016,13.4
        Республика Адыгея (Адыгея),2017,13.0
        Республика Адыгея (Адыгея),2018,12.8
        Республика Адыгея (Адыгея),2019,12.6
        Республика Адыгея (Адыгея),2020,12.5
        Республика Калмыкия,1995,54.6
        Республика Калмыкия,1996,52.7
        Республика Калмыкия,1997,37.2
        Республика Калмыкия,1998,49.5
        Республика Калмыкия,1999,60.3
        Республика Калмыкия,2000,66.4
        Республика Калмыкия,2001,52.6
        Республика Калмыкия,2002,56.6
        Республика Калмыкия,2003,54.0
        Республика Калмыкия,2004,54.4
        Республика Калмыкия,2005,61.1
        Республика Калмыкия,2006,48.1
        Республика Калмыкия,2007,45.3
        Республика Калмыкия,2008,39.7
        Республика Калмыкия,2009,36.5
        Республика Калмыкия,2010,35.7
        Республика Калмыкия,2011,35.8
        Республика Калмыкия,2012,30.7
        Республика Калмыкия,2013,33.4
        Республика Калмыкия,2014,31.8
        Республика Калмыкия,2015,29.5
        Республика Калмыкия,2016,26.7
        Республика Калмыкия,2017,24.3
        Республика Калмыкия,2018,23.6
        Республика Калмыкия,2019,23.5
        Республика Калмыкия,2020,22.7
        Республика Крым,2015,23.1
        Республика Крым,2016,23.3
        Республика Крым,2017,19.4
        Республика Крым,2018,17.3
        Республика Крым,2019,17.2
        Республика Крым,2020,17.2
        Краснодарский край,1995,32.6
        Краснодарский край,1996,24.3
        Краснодарский край,1997,23.7
        Краснодарский край,1998,25.5
        Краснодарский край,1999,36.9
        Краснодарский край,2000,43.7
        Краснодарский край,2001,36.8
        Краснодарский край,2002,32.0
        Краснодарский край,2003,28.1
        Краснодарский край,2004,26.7
        Краснодарский край,2005,26.3
        Краснодарский край,2006,22.6
        Краснодарский край,2007,19.4
        Краснодарский край,2008,17.7
        Краснодарский край,2009,18.5
        Краснодарский край,2010,15.2
        Краснодарский край,2011,13.5
        Краснодарский край,2012,11.2
        Краснодарский край,2013,10.7
        Краснодарский край,2014,10.3
        Краснодарский край,2015,11.7
        Краснодарский край,2016,11.6
        Краснодарский край,2017,10.9
        Краснодарский край,2018,10.3
        Краснодарский край,2019,10.4
        Краснодарский край,2020,10.4
        Астраханская область,1995,32.3
        Астраханская область,1996,30.7
        Астраханская область,1997,25.0
        Астраханская область,1998,30.4
        Астраханская область,1999,36.0
        Астраханская область,2000,33.4
        Астраханская область,2001,31.1
        Астраханская область,2002,26.2
        Астраханская область,2003,22.9
        Астраханская область,2004,20.3
        Астраханская область,2005,19.5
        Астраханская область,2006,17.5
        Астраханская область,2007,16.3
        Астраханская область,2008,16.3
        Астраханская область,2009,15.0
        Астраханская область,2010,14.1
        Астраханская область,2011,14.2
        Астраханская область,2012,12.5
        Астраханская область,2013,11.8
        Астраханская область,2014,12.0
        Астраханская область,2015,14.2
        Астраханская область,2016,16.1
        Астраханская область,2017,15.5
        Астраханская область,2018,15.1
        Астраханская область,2019,15.5
        Астраханская область,2020,15.6
        Волгоградская область,1995,33.8
        Волгоградская область,1996,28.6
        Волгоградская область,1997,23.3
        Волгоградская область,1998,31.2
        Волгоградская область,1999,47.7
        Волгоградская область,2000,34.9
        Волгоградская область,2001,29.3
        Волгоградская область,2002,26.8
        Волгоградская область,2003,21.4
        Волгоградская область,2004,17.9
        Волгоградская область,2005,17.2
        Волгоградская область,2006,11.9
        Волгоградская область,2007,13.0
        Волгоградская область,2008,13.7
        Волгоградская область,2009,12.8
        Волгоградская область,2010,14.0
        Волгоградская область,2011,15.1
        Волгоградская область,2012,13.6
        Волгоградская область,2013,13.0
        Волгоградская область,2014,13.6
        Волгоградская область,2015,14.2
        Волгоградская область,2016,14.4
        Волгоградская область,2017,13.6
        Волгоградская область,2018,13.4
        Волгоградская область,2019,12.9
        Волгоградская область,2020,11.9
        Ростовская область,1995,34.2
        Ростовская область,1996,21.8
        Ростовская область,1997,20.0
        Ростовская область,1998,21.5
        Ростовская область,1999,26.0
        Ростовская область,2000,33.1
        Ростовская область,2001,30.8
        Ростовская область,2002,27.9
        Ростовская область,2003,23.2
        Ростовская область,2004,19.2
        Ростовская область,2005,18.3
        Ростовская область,2006,18.5
        Ростовская область,2007,16.0
        Ростовская область,2008,14.9
        Ростовская область,2009,16.0
        Ростовская область,2010,14.9
        Ростовская область,2011,15.2
        Ростовская область,2012,12.9
        Ростовская область,2013,13.2
        Ростовская область,2014,13.1
        Ростовская область,2015,14.4
        Ростовская область,2016,14.2
        Ростовская область,2017,13.9
        Ростовская область,2018,13.2
        Ростовская область,2019,13.3
        Ростовская область,2020,13.0
        Город федерального значения Севастополь,2015,15.1
        Город федерального значения Севастополь,2016,11.7
        Город федерального значения Севастополь,2017,10.9
        Город федерального значения Севастополь,2018,10.8
        Город федерального значения Севастополь,2019,11.6
        Город федерального значения Севастополь,2020,11.0
    Северо-Кавказский федеральный округ,2003,0.0
    Северо-Кавказский федеральный округ,2004,0.0
    Северо-Кавказский федеральный округ,2005,0.0
    Северо-Кавказский федеральный округ,2006,0.0
    Северо-Кавказский федеральный округ,2007,0.0
    Северо-Кавказский федеральный округ,2008,0.0
    Северо-Кавказский федеральный округ,2009,0.0
    Северо-Кавказский федеральный округ,2010,0.0
    Северо-Кавказский федеральный округ,2011,0.0
    Северо-Кавказский федеральный округ,2012,0.0
    Северо-Кавказский федеральный округ,2013,0.0
    Северо-Кавказский федеральный округ,2014,0.0
    Северо-Кавказский федеральный округ,2015,0.0
    Северо-Кавказский федеральный округ,2016,0.0
    Северо-Кавказский федеральный округ,2017,0.0
    Северо-Кавказский федеральный округ,2018,0.0
        Республика Дагестан,1995,72.5
        Республика Дагестан,1996,67.1
        Республика Дагестан,1997,52.6
        Республика Дагестан,1998,59.6
        Республика Дагестан,1999,67.8
        Республика Дагестан,2000,72.6
        Республика Дагестан,2001,69.0
        Республика Дагестан,2002,59.7
        Республика Дагестан,2003,47.5
        Республика Дагестан,2004,30.5
        Республика Дагестан,2005,24.6
        Республика Дагестан,2006,15.4
        Республика Дагестан,2007,14.4
        Республика Дагестан,2008,11.2
        Республика Дагестан,2009,9.7
        Республика Дагестан,2010,8.8
        Республика Дагестан,2011,8.3
        Республика Дагестан,2012,7.0
        Республика Дагестан,2013,10.2
        Республика Дагестан,2014,10.2
        Республика Дагестан,2015,11.0
        Республика Дагестан,2016,13.0
        Республика Дагестан,2017,14.5
        Республика Дагестан,2018,14.6
        Республика Дагестан,2019,14.6
        Республика Дагестан,2020,14.8
        Республика Ингушетия,1995,98.4
        Республика Ингушетия,1996,91.4
        Республика Ингушетия,1997,70.2
        Республика Ингушетия,1998,74.3
        Республика Ингушетия,1999,90.5
        Республика Ингушетия,2000,94.3
        Республика Ингушетия,2001,88.0
        Республика Ингушетия,2002,87.4
        Республика Ингушетия,2003,79.9
        Республика Ингушетия,2004,68.9
        Республика Ингушетия,2005,55.2
        Республика Ингушетия,2006,45.7
        Республика Ингушетия,2007,33.5
        Республика Ингушетия,2008,27.6
        Республика Ингушетия,2009,26.0
        Республика Ингушетия,2010,22.1
        Республика Ингушетия,2011,18.5
        Республика Ингушетия,2012,17.1
        Республика Ингушетия,2013,20.3
        Республика Ингушетия,2014,23.9
        Республика Ингушетия,2015,29.9
        Республика Ингушетия,2016,29.3
        Республика Ингушетия,2017,29.6
        Республика Ингушетия,2018,30.4
        Республика Ингушетия,2019,30.5
        Республика Ингушетия,2020,30.0
        Кабардино-Балкарская Республика,1995,46.2
        Кабардино-Балкарская Республика,1996,44.3
        Кабардино-Балкарская Республика,1997,44.2
        Кабардино-Балкарская Республика,1998,51.1
        Кабардино-Балкарская Республика,1999,51.9
        Кабардино-Балкарская Республика,2000,57.5
        Кабардино-Балкарская Республика,2001,52.3
        Кабардино-Балкарская Республика,2002,36.6
        Кабардино-Балкарская Республика,2003,31.7
        Кабардино-Балкарская Республика,2004,25.9
        Кабардино-Балкарская Республика,2005,23.8
        Кабардино-Балкарская Республика,2006,21.1
        Кабардино-Балкарская Республика,2007,17.3
        Кабардино-Балкарская Республика,2008,15.2
        Кабардино-Балкарская Республика,2009,15.4
        Кабардино-Балкарская Республика,2010,15.7
        Кабардино-Балкарская Республика,2011,15.3
        Кабардино-Балкарская Республика,2012,14.2
        Кабардино-Балкарская Республика,2013,19.0
        Кабардино-Балкарская Республика,2014,18.7
        Кабардино-Балкарская Республика,2015,21.1
        Кабардино-Балкарская Республика,2016,25.8
        Кабардино-Балкарская Республика,2017,24.7
        Кабардино-Балкарская Республика,2018,24.2
        Кабардино-Балкарская Республика,2019,24.2
        Кабардино-Балкарская Республика,2020,24.2
        Карачаево-Черкесская Республика,1995,48.5
        Карачаево-Черкесская Республика,1996,55.6
        Карачаево-Черкесская Республика,1997,41.5
        Карачаево-Черкесская Республика,1998,52.2
        Карачаево-Черкесская Республика,1999,61.2
        Карачаево-Черкесская Республика,2000,62.5
        Карачаево-Черкесская Республика,2001,54.4
        Карачаево-Черкесская Республика,2002,40.9
        Карачаево-Черкесская Республика,2003,36.0
        Карачаево-Черкесская Республика,2004,29.6
        Карачаево-Черкесская Республика,2005,27.7
        Карачаево-Черкесская Республика,2006,22.7
        Карачаево-Черкесская Республика,2007,20.5
        Карачаево-Черкесская Республика,2008,19.5
        Карачаево-Черкесская Республика,2009,18.5
        Карачаево-Черкесская Республика,2010,17.7
        Карачаево-Черкесская Республика,2011,18.8
        Карачаево-Черкесская Республика,2012,16.0
        Карачаево-Черкесская Республика,2013,20.3
        Карачаево-Черкесская Республика,2014,19.2
        Карачаево-Черкесская Республика,2015,22.8
        Карачаево-Черкесская Республика,2016,23.8
        Карачаево-Черкесская Республика,2017,23.2
        Карачаево-Черкесская Республика,2018,22.8
        Карачаево-Черкесская Республика,2019,23.3
        Карачаево-Черкесская Республика,2020,23.2
        Республика Северная Осетия-Алания,1995,44.0
        Республика Северная Осетия-Алания,1996,40.1
        Республика Северная Осетия-Алания,1997,34.7
        Республика Северная Осетия-Алания,1998,39.7
        Республика Северная Осетия-Алания,1999,40.6
        Республика Северная Осетия-Алания,2000,33.2
        Республика Северная Осетия-Алания,2001,40.8
        Республика Северная Осетия-Алания,2002,36.0
        Республика Северная Осетия-Алания,2003,28.1
        Республика Северная Осетия-Алания,2004,18.2
        Республика Северная Осетия-Алания,2005,17.0
        Республика Северная Осетия-Алания,2006,16.5
        Республика Северная Осетия-Алания,2007,13.1
        Республика Северная Осетия-Алания,2008,12.1
        Республика Северная Осетия-Алания,2009,14.0
        Республика Северная Осетия-Алания,2010,10.5
        Республика Северная Осетия-Алания,2011,12.6
        Республика Северная Осетия-Алания,2012,10.4
        Республика Северная Осетия-Алания,2013,12.6
        Республика Северная Осетия-Алания,2014,12.5
        Республика Северная Осетия-Алания,2015,14.2
        Республика Северная Осетия-Алания,2016,14.3
        Республика Северная Осетия-Алания,2017,14.4
        Республика Северная Осетия-Алания,2018,14.0
        Республика Северная Осетия-Алания,2019,13.8
        Республика Северная Осетия-Алания,2020,13.9
        Чеченская Республика,2003,0.0
        Чеченская Республика,2004,0.0
        Чеченская Республика,2005,0.0
        Чеченская Республика,2006,0.0
        Чеченская Республика,2007,0.0
        Чеченская Республика,2008,0.0
        Чеченская Республика,2009,0.0
        Чеченская Республика,2010,0.0
        Чеченская Республика,2011,0.0
        Чеченская Республика,2012,21.7
        Чеченская Республика,2013,17.8
        Чеченская Республика,2014,14.2
        Чеченская Республика,2015,16.0
        Чеченская Республика,2016,17.3
        Чеченская Республика,2017,20.7
        Чеченская Республика,2018,20.5
        Чеченская Республика,2019,20.7
        Чеченская Республика,2020,20.4
        Ставропольский край,1995,40.0
        Ставропольский край,1996,31.4
        Ставропольский край,1997,35.6
        Ставропольский край,1998,39.0
        Ставропольский край,1999,45.1
        Ставропольский край,2000,45.2
        Ставропольский край,2001,43.1
        Ставропольский край,2002,39.4
        Ставропольский край,2003,33.7
        Ставропольский край,2004,29.0
        Ставропольский край,2005,24.9
        Ставропольский край,2006,22.1
        Ставропольский край,2007,19.1
        Ставропольский край,2008,20.2
        Ставропольский край,2009,19.7
        Ставропольский край,2010,18.5
        Ставропольский край,2011,18.3
        Ставропольский край,2012,13.7
        Ставропольский край,2013,12.4
        Ставропольский край,2014,12.2
        Ставропольский край,2015,14.6
        Ставропольский край,2016,15.0
        Ставропольский край,2017,14.3
        Ставропольский край,2018,13.9
        Ставропольский край,2019,14.0
        Ставропольский край,2020,13.8
    Приволжский федеральный округ,2003,0.0
    Приволжский федеральный округ,2004,0.0
    Приволжский федеральный округ,2005,0.0
    Приволжский федеральный округ,2006,0.0
    Приволжский федеральный округ,2007,0.0
    Приволжский федеральный округ,2008,0.0
    Приволжский федеральный округ,2009,0.0
    Приволжский федеральный округ,2010,0.0
    Приволжский федеральный округ,2011,0.0
    Приволжский федеральный округ,2012,0.0
    Приволжский федеральный округ,2013,0.0
    Приволжский федеральный округ,2014,0.0
    Приволжский федеральный округ,2015,0.0
    Приволжский федеральный округ,2016,0.0
    Приволжский федеральный округ,2017,0.0
    Приволжский федеральный округ,2018,0.0
        Республика Башкортостан,1995,32.4
        Республика Башкортостан,1996,28.2
        Республика Башкортостан,1997,25.2
        Республика Башкортостан,1998,26.8
        Республика Башкортостан,1999,30.4
        Республика Башкортостан,2000,33.1
        Республика Башкортостан,2001,28.3
        Республика Башкортостан,2002,23.2
        Республика Башкортостан,2003,20.3
        Республика Башкортостан,2004,17.5
        Республика Башкортостан,2005,14.9
        Республика Башкортостан,2006,14.5
        Республика Башкортостан,2007,12.8
        Республика Башкортостан,2008,11.5
        Республика Башкортостан,2009,11.2
        Республика Башкортостан,2010,12.1
        Республика Башкортостан,2011,12.6
        Республика Башкортостан,2012,10.3
        Республика Башкортостан,2013,10.4
        Республика Башкортостан,2014,10.8
        Республика Башкортостан,2015,13.0
        Республика Башкортостан,2016,12.5
        Республика Башкортостан,2017,12.3
        Республика Башкортостан,2018,12.0
        Республика Башкортостан,2019,12.1
        Республика Башкортостан,2020,11.6
        Республика Марий Эл,1995,42.7
        Республика Марий Эл,1996,56.0
        Республика Марий Эл,1997,51.3
        Республика Марий Эл,1998,59.1
        Республика Марий Эл,1999,56.3
        Республика Марий Эл,2000,60.2
        Республика Марий Эл,2001,58.8
        Республика Марий Эл,2002,52.5
        Республика Марий Эл,2003,49.7
        Республика Марий Эл,2004,46.5
        Республика Марий Эл,2005,39.7
        Республика Марий Эл,2006,29.9
        Республика Марий Эл,2007,27.5
        Республика Марий Эл,2008,25.4
        Республика Марий Эл,2009,24.1
        Республика Марий Эл,2010,24.0
        Республика Марий Эл,2011,24.2
        Республика Марий Эл,2012,20.0
        Республика Марий Эл,2013,19.4
        Республика Марий Эл,2014,19.5
        Республика Марий Эл,2015,22.2
        Республика Марий Эл,2016,22.1
        Республика Марий Эл,2017,21.7
        Республика Марий Эл,2018,20.4
        Республика Марий Эл,2019,20.1
        Республика Марий Эл,2020,19.5
        Республика Мордовия,1995,35.1
        Республика Мордовия,1996,45.5
        Республика Мордовия,1997,37.9
        Республика Мордовия,1998,45.4
        Республика Мордовия,1999,67.1
        Республика Мордовия,2000,52.9
        Республика Мордовия,2001,48.5
        Республика Мордовия,2002,43.7
        Республика Мордовия,2003,36.1
        Республика Мордовия,2004,32.0
        Республика Мордовия,2005,30.1
        Республика Мордовия,2006,28.7
        Республика Мордовия,2007,24.6
        Республика Мордовия,2008,20.4
        Республика Мордовия,2009,19.7
        Республика Мордовия,2010,18.3
        Республика Мордовия,2011,20.2
        Республика Мордовия,2012,18.0
        Республика Мордовия,2013,18.7
        Республика Мордовия,2014,17.6
        Республика Мордовия,2015,19.8
        Республика Мордовия,2016,18.5
        Республика Мордовия,2017,18.2
        Республика Мордовия,2018,17.8
        Республика Мордовия,2019,18.0
        Республика Мордовия,2020,17.6
        Республика Татарстан (Татарстан),1995,22.1
        Республика Татарстан (Татарстан),1996,19.3
        Республика Татарстан (Татарстан),1997,17.4
        Республика Татарстан (Татарстан),1998,19.7
        Республика Татарстан (Татарстан),1999,23.8
        Республика Татарстан (Татарстан),2000,33.2
        Республика Татарстан (Татарстан),2001,27.3
        Республика Татарстан (Татарстан),2002,23.6
        Республика Татарстан (Татарстан),2003,19.2
        Республика Татарстан (Татарстан),2004,15.8
        Республика Татарстан (Татарстан),2005,12.8
        Республика Татарстан (Татарстан),2006,9.9
        Республика Татарстан (Татарстан),2007,8.7
        Республика Татарстан (Татарстан),2008,8.6
        Республика Татарстан (Татарстан),2009,8.3
        Республика Татарстан (Татарстан),2010,7.7
        Республика Татарстан (Татарстан),2011,8.1
        Республика Татарстан (Татарстан),2012,6.5
        Республика Татарстан (Татарстан),2013,6.8
        Республика Татарстан (Татарстан),2014,7.0
        Республика Татарстан (Татарстан),2015,7.1
        Республика Татарстан (Татарстан),2016,7.5
        Республика Татарстан (Татарстан),2017,7.2
        Республика Татарстан (Татарстан),2018,7.0
        Республика Татарстан (Татарстан),2019,6.9
        Республика Татарстан (Татарстан),2020,6.6
        Удмуртская Республика,1995,34.7
        Удмуртская Республика,1996,26.6
        Удмуртская Республика,1997,24.1
        Удмуртская Республика,1998,31.0
        Удмуртская Республика,1999,46.9
        Удмуртская Республика,2000,35.1
        Удмуртская Республика,2001,33.3
        Удмуртская Республика,2002,30.4
        Удмуртская Республика,2003,30.2
        Удмуртская Республика,2004,26.1
        Удмуртская Республика,2005,22.4
        Удмуртская Республика,2006,19.0
        Удмуртская Республика,2007,17.3
        Удмуртская Республика,2008,16.1
        Удмуртская Республика,2009,14.9
        Удмуртская Республика,2010,13.7
        Удмуртская Республика,2011,14.0
        Удмуртская Республика,2012,11.1
        Удмуртская Республика,2013,11.8
        Удмуртская Республика,2014,11.9
        Удмуртская Республика,2015,12.3
        Удмуртская Республика,2016,12.4
        Удмуртская Республика,2017,12.2
        Удмуртская Республика,2018,12.2
        Удмуртская Республика,2019,12.4
        Удмуртская Республика,2020,11.9
        Чувашская Республика - Чувашия,1995,27.0
        Чувашская Республика - Чувашия,1996,27.0
        Чувашская Республика - Чувашия,1997,28.4
        Чувашская Республика - Чувашия,1998,43.0
        Чувашская Республика - Чувашия,1999,57.2
        Чувашская Республика - Чувашия,2000,51.3
        Чувашская Республика - Чувашия,2001,44.8
        Чувашская Республика - Чувашия,2002,40.9
        Чувашская Республика - Чувашия,2003,31.9
        Чувашская Республика - Чувашия,2004,30.6
        Чувашская Республика - Чувашия,2005,26.7
        Чувашская Республика - Чувашия,2006,21.0
        Чувашская Республика - Чувашия,2007,20.2
        Чувашская Республика - Чувашия,2008,18.9
        Чувашская Республика - Чувашия,2009,19.0
        Чувашская Республика - Чувашия,2010,18.2
        Чувашская Республика - Чувашия,2011,19.3
        Чувашская Республика - Чувашия,2012,16.0
        Чувашская Республика - Чувашия,2013,16.5
        Чувашская Республика - Чувашия,2014,16.4
        Чувашская Республика - Чувашия,2015,17.9
        Чувашская Республика - Чувашия,2016,18.8
        Чувашская Республика - Чувашия,2017,18.4
        Чувашская Республика - Чувашия,2018,17.8
        Чувашская Республика - Чувашия,2019,17.4
        Чувашская Республика - Чувашия,2020,16.8
        Пермский край,1995,25.2
        Пермский край,1996,20.8
        Пермский край,1997,17.8
        Пермский край,1998,20.5
        Пермский край,1999,26.0
        Пермский край,2000,25.5
        Пермский край,2001,24.3
        Пермский край,2002,23.4
        Пермский край,2003,21.8
        Пермский край,2004,20.1
        Пермский край,2005,16.9
        Пермский край,2006,14.1
        Пермский край,2007,13.5
        Пермский край,2008,14.0
        Пермский край,2009,14.2
        Пермский край,2010,13.2
        Пермский край,2011,14.4
        Пермский край,2012,12.2
        Пермский край,2013,11.9
        Пермский край,2014,12.5
        Пермский край,2015,12.8
        Пермский край,2016,15.3
        Пермский край,2017,15.1
        Пермский край,2018,14.9
        Пермский край,2019,13.8
        Пермский край,2020,13.3
        Кировская область,1995,31.5
        Кировская область,1996,30.2
        Кировская область,1997,30.2
        Кировская область,1998,39.6
        Кировская область,1999,51.1
        Кировская область,2000,45.2
        Кировская область,2001,42.2
        Кировская область,2002,34.5
        Кировская область,2003,31.2
        Кировская область,2004,26.6
        Кировская область,2005,26.2
        Кировская область,2006,22.9
        Кировская область,2007,21.4
        Кировская область,2008,16.9
        Кировская область,2009,17.6
        Кировская область,2010,14.2
        Кировская область,2011,15.0
        Кировская область,2012,12.4
        Кировская область,2013,14.1
        Кировская область,2014,13.1
        Кировская область,2015,15.3
        Кировская область,2016,15.9
        Кировская область,2017,15.4
        Кировская область,2018,15.2
        Кировская область,2019,14.6
        Кировская область,2020,14.0
        Нижегородская область,1995,22.0
        Нижегородская область,1996,19.2
        Нижегородская область,1997,17.3
        Нижегородская область,1998,19.5
        Нижегородская область,1999,31.8
        Нижегородская область,2000,35.4
        Нижегородская область,2001,27.2
        Нижегородская область,2002,22.8
        Нижегородская область,2003,22.8
        Нижегородская область,2004,20.4
        Нижегородская область,2005,17.5
        Нижегородская область,2006,15.9
        Нижегородская область,2007,14.2
        Нижегородская область,2008,13.5
        Нижегородская область,2009,13.4
        Нижегородская область,2010,12.3
        Нижегородская область,2011,12.5
        Нижегородская область,2012,10.3
        Нижегородская область,2013,9.0
        Нижегородская область,2014,8.8
        Нижегородская область,2015,9.9
        Нижегородская область,2016,9.8
        Нижегородская область,2017,10.0
        Нижегородская область,2018,9.5
        Нижегородская область,2019,9.5
        Нижегородская область,2020,9.4
        Оренбургская область,1995,49.3
        Оренбургская область,1996,27.2
        Оренбургская область,1997,22.9
        Оренбургская область,1998,27.8
        Оренбургская область,1999,35.5
        Оренбургская область,2000,42.1
        Оренбургская область,2001,38.1
        Оренбургская область,2002,33.3
        Оренбургская область,2003,28.8
        Оренбургская область,2004,24.1
        Оренбургская область,2005,21.5
        Оренбургская область,2006,18.8
        Оренбургская область,2007,17.9
        Оренбургская область,2008,15.7
        Оренбургская область,2009,15.3
        Оренбургская область,2010,13.9
        Оренбургская область,2011,14.4
        Оренбургская область,2012,12.7
        Оренбургская область,2013,12.3
        Оренбургская область,2014,11.9
        Оренбургская область,2015,13.9
        Оренбургская область,2016,14.6
        Оренбургская область,2017,14.3
        Оренбургская область,2018,14.2
        Оренбургская область,2019,14.3
        Оренбургская область,2020,14.0
        Пензенская область,1995,30.2
        Пензенская область,1996,35.4
        Пензенская область,1997,32.7
        Пензенская область,1998,45.3
        Пензенская область,1999,52.2
        Пензенская область,2000,49.4
        Пензенская область,2001,43.7
        Пензенская область,2002,37.6
        Пензенская область,2003,33.3
        Пензенская область,2004,28.1
        Пензенская область,2005,26.3
        Пензенская область,2006,23.4
        Пензенская область,2007,17.4
        Пензенская область,2008,16.0
        Пензенская область,2009,15.2
        Пензенская область,2010,15.2
        Пензенская область,2011,15.4
        Пензенская область,2012,13.1
        Пензенская область,2013,13.4
        Пензенская область,2014,13.2
        Пензенская область,2015,14.4
        Пензенская область,2016,14.8
        Пензенская область,2017,14.2
        Пензенская область,2018,13.5
        Пензенская область,2019,13.6
        Пензенская область,2020,13.0
        Самарская область,1995,21.2
        Самарская область,1996,19.5
        Самарская область,1997,19.1
        Самарская область,1998,18.0
        Самарская область,1999,22.7
        Самарская область,2000,31.2
        Самарская область,2001,29.8
        Самарская область,2002,27.7
        Самарская область,2003,21.1
        Самарская область,2004,19.1
        Самарская область,2005,17.5
        Самарская область,2006,17.3
        Самарская область,2007,15.8
        Самарская область,2008,17.1
        Самарская область,2009,16.1
        Самарская область,2010,15.1
        Самарская область,2011,15.2
        Самарская область,2012,12.3
        Самарская область,2013,12.3
        Самарская область,2014,12.3
        Самарская область,2015,13.1
        Самарская область,2016,13.5
        Самарская область,2017,13.3
        Самарская область,2018,12.7
        Самарская область,2019,12.9
        Самарская область,2020,12.3
        Саратовская область,1995,35.3
        Саратовская область,1996,36.9
        Саратовская область,1997,27.2
        Саратовская область,1998,31.9
        Саратовская область,1999,38.4
        Саратовская область,2000,41.2
        Саратовская область,2001,38.7
        Саратовская область,2002,34.4
        Саратовская область,2003,29.2
        Саратовская область,2004,27.4
        Саратовская область,2005,24.7
        Саратовская область,2006,21.5
        Саратовская область,2007,22.8
        Саратовская область,2008,20.7
        Саратовская область,2009,19.1
        Саратовская область,2010,16.4
        Саратовская область,2011,17.3
        Саратовская область,2012,15.9
        Саратовская область,2013,15.0
        Саратовская область,2014,15.0
        Саратовская область,2015,16.9
        Саратовская область,2016,16.8
        Саратовская область,2017,16.5
        Саратовская область,2018,15.3
        Саратовская область,2019,15.5
        Саратовская область,2020,14.8
        Ульяновская область,1995,16.1
        Ульяновская область,1996,15.2
        Ульяновская область,1997,16.0
        Ульяновская область,1998,17.3
        Ульяновская область,1999,29.5
        Ульяновская область,2000,44.5
        Ульяновская область,2001,45.2
        Ульяновская область,2002,40.7
        Ульяновская область,2003,33.3
        Ульяновская область,2004,31.6
        Ульяновская область,2005,28.9
        Ульяновская область,2006,24.2
        Ульяновская область,2007,20.7
        Ульяновская область,2008,19.5
        Ульяновская область,2009,19.5
        Ульяновская область,2010,16.4
        Ульяновская область,2011,16.8
        Ульяновская область,2012,13.3
        Ульяновская область,2013,13.8
        Ульяновская область,2014,12.7
        Ульяновская область,2015,14.8
        Ульяновская область,2016,14.7
        Ульяновская область,2017,14.9
        Ульяновская область,2018,15.3
        Ульяновская область,2019,15.5
        Ульяновская область,2020,15.0
    Уральский федеральный округ,2003,0.0
    Уральский федеральный округ,2004,0.0
    Уральский федеральный округ,2005,0.0
    Уральский федеральный округ,2006,0.0
    Уральский федеральный округ,2007,0.0
    Уральский федеральный округ,2008,0.0
    Уральский федеральный округ,2009,0.0
    Уральский федеральный округ,2010,0.0
    Уральский федеральный округ,2011,0.0
    Уральский федеральный округ,2012,0.0
    Уральский федеральный округ,2013,0.0
    Уральский федеральный округ,2014,0.0
    Уральский федеральный округ,2015,0.0
    Уральский федеральный округ,2016,0.0
    Уральский федеральный округ,2017,0.0
    Уральский федеральный округ,2018,0.0
        Курганская область,1995,49.5
        Курганская область,1996,50.4
        Курганская область,1997,41.5
        Курганская область,1998,46.7
        Курганская область,1999,51.6
        Курганская область,2000,50.0
        Курганская область,2001,48.4
        Курганская область,2002,45.2
        Курганская область,2003,45.1
        Курганская область,2004,34.7
        Курганская область,2005,30.8
        Курганская область,2006,22.8
        Курганская область,2007,18.8
        Курганская область,2008,17.4
        Курганская область,2009,17.6
        Курганская область,2010,16.9
        Курганская область,2011,18.5
        Курганская область,2012,15.6
        Курганская область,2013,16.9
        Курганская область,2014,17.1
        Курганская область,2015,18.8
        Курганская область,2016,19.7
        Курганская область,2017,19.7
        Курганская область,2018,19.6
        Курганская область,2019,19.6
        Курганская область,2020,19.3
        Свердловская область,1995,29.5
        Свердловская область,1996,25.6
        Свердловская область,1997,23.1
        Свердловская область,1998,30.2
        Свердловская область,1999,31.7
        Свердловская область,2000,28.8
        Свердловская область,2001,27.7
        Свердловская область,2002,24.3
        Свердловская область,2003,17.8
        Свердловская область,2004,15.2
        Свердловская область,2005,12.6
        Свердловская область,2006,12.1
        Свердловская область,2007,10.4
        Свердловская область,2008,10.5
        Свердловская область,2009,10.6
        Свердловская область,2010,10.0
        Свердловская область,2011,10.5
        Свердловская область,2012,8.5
        Свердловская область,2013,8.4
        Свердловская область,2014,8.5
        Свердловская область,2015,9.9
        Свердловская область,2016,10.2
        Свердловская область,2017,9.8
        Свердловская область,2018,9.5
        Свердловская область,2019,8.9
        Свердловская область,2020,9.0
        Тюменская область,1995,19.3
        Тюменская область,1996,15.8
        Тюменская область,1997,13.4
        Тюменская область,1998,15.8
        Тюменская область,1999,19.5
        Тюменская область,2000,21.3
        Тюменская область,2001,15.4
        Тюменская область,2002,15.8
        Тюменская область,2003,12.7
        Тюменская область,2004,12.1
        Тюменская область,2005,11.5
        Тюменская область,2006,11.0
        Тюменская область,2007,10.6
        Тюменская область,2008,10.1
        Тюменская область,2009,12.1
        Тюменская область,2010,11.9
        Тюменская область,2011,12.3
        Тюменская область,2012,11.0
        Тюменская область,2013,11.8
        Тюменская область,2014,12.3
        Тюменская область,2015,14.0
        Тюменская область,2016,13.8
        Тюменская область,2017,12.8
        Тюменская область,2018,12.1
        Тюменская область,2019,11.9
        Тюменская область,2020,11.6
            Ханты-Мансийский автономный округ - Югра (Тюменская область),1995,0.0
            Ханты-Мансийский автономный округ - Югра (Тюменская область),1996,0.0
            Ханты-Мансийский автономный округ - Югра (Тюменская область),1997,0.0
            Ханты-Мансийский автономный округ - Югра (Тюменская область),1998,0.0
            Ханты-Мансийский автономный округ - Югра (Тюменская область),1999,0.0
            Ханты-Мансийский автономный округ - Югра (Тюменская область),2000,11.8
            Ханты-Мансийский автономный округ - Югра (Тюменская область),2001,9.3
            Ханты-Мансийский автономный округ - Югра (Тюменская область),2002,11.6
            Ханты-Мансийский автономный округ - Югра (Тюменская область),2003,10.6
            Ханты-Мансийский автономный округ - Югра (Тюменская область),2004,10.0
            Ханты-Мансийский автономный округ - Югра (Тюменская область),2005,7.7
            Ханты-Мансийский автономный округ - Югра (Тюменская область),2006,7.6
            Ханты-Мансийский автономный округ - Югра (Тюменская область),2007,7.4
            Ханты-Мансийский автономный округ - Югра (Тюменская область),2008,7.3
            Ханты-Мансийский автономный округ - Югра (Тюменская область),2009,8.8
            Ханты-Мансийский автономный округ - Югра (Тюменская область),2010,10.3
            Ханты-Мансийский автономный округ - Югра (Тюменская область),2011,10.6
            Ханты-Мансийский автономный округ - Югра (Тюменская область),2012,9.8
            Ханты-Мансийский автономный округ - Югра (Тюменская область),2013,10.4
            Ханты-Мансийский автономный округ - Югра (Тюменская область),2014,11.1
            Ханты-Мансийский автономный округ - Югра (Тюменская область),2015,11.9
            Ханты-Мансийский автономный округ - Югра (Тюменская область),2016,11.6
            Ханты-Мансийский автономный округ - Югра (Тюменская область),2017,9.5
            Ханты-Мансийский автономный округ - Югра (Тюменская область),2018,9.0
            Ханты-Мансийский автономный округ - Югра (Тюменская область),2019,8.9
            Ханты-Мансийский автономный округ - Югра (Тюменская область),2020,8.4
            Ямало-Ненецкий автономный округ (Тюменская область),1995,0.0
            Ямало-Ненецкий автономный округ (Тюменская область),1996,0.0
            Ямало-Ненецкий автономный округ (Тюменская область),1997,0.0
            Ямало-Ненецкий автономный округ (Тюменская область),1998,0.0
            Ямало-Ненецкий автономный округ (Тюменская область),1999,0.0
            Ямало-Ненецкий автономный округ (Тюменская область),2000,11.1
            Ямало-Ненецкий автономный округ (Тюменская область),2001,9.3
            Ямало-Ненецкий автономный округ (Тюменская область),2002,7.7
            Ямало-Ненецкий автономный округ (Тюменская область),2003,8.0
            Ямало-Ненецкий автономный округ (Тюменская область),2004,7.1
            Ямало-Ненецкий автономный округ (Тюменская область),2005,8.4
            Ямало-Ненецкий автономный округ (Тюменская область),2006,6.8
            Ямало-Ненецкий автономный округ (Тюменская область),2007,6.5
            Ямало-Ненецкий автономный округ (Тюменская область),2008,6.2
            Ямало-Ненецкий автономный округ (Тюменская область),2009,7.4
            Ямало-Ненецкий автономный округ (Тюменская область),2010,7.3
            Ямало-Ненецкий автономный округ (Тюменская область),2011,7.4
            Ямало-Ненецкий автономный округ (Тюменская область),2012,6.4
            Ямало-Ненецкий автономный округ (Тюменская область),2013,6.4
            Ямало-Ненецкий автономный округ (Тюменская область),2014,6.7
            Ямало-Ненецкий автономный округ (Тюменская область),2015,7.5
            Ямало-Ненецкий автономный округ (Тюменская область),2016,7.1
            Ямало-Ненецкий автономный округ (Тюменская область),2017,6.1
            Ямало-Ненецкий автономный округ (Тюменская область),2018,5.8
            Ямало-Ненецкий автономный округ (Тюменская область),2019,5.5
            Ямало-Ненецкий автономный округ (Тюменская область),2020,4.8
            Тюменская область (кроме Ханты-Мансийского автономного округа-Югры и Ямало-Ненецкого автономного округа),2012,10.4
            Тюменская область (кроме Ханты-Мансийского автономного округа-Югры и Ямало-Ненецкого автономного округа),2013,11.8
            Тюменская область (кроме Ханты-Мансийского автономного округа-Югры и Ямало-Ненецкого автономного округа),2014,12.0
            Тюменская область (кроме Ханты-Мансийского автономного округа-Югры и Ямало-Ненецкого автономного округа),2015,14.7
            Тюменская область (кроме Ханты-Мансийского автономного округа-Югры и Ямало-Ненецкого автономного округа),2016,15.5
            Тюменская область (кроме Ханты-Мансийского автономного округа-Югры и Ямало-Ненецкого автономного округа),2017,15.4
            Тюменская область (кроме Ханты-Мансийского автономного округа-Югры и Ямало-Ненецкого автономного округа),2018,14.3
            Тюменская область (кроме Ханты-Мансийского автономного округа-Югры и Ямало-Ненецкого автономного округа),2019,14.4
            Тюменская область (кроме Ханты-Мансийского автономного округа-Югры и Ямало-Ненецкого автономного округа),2020,13.6
        Челябинская область,1995,27.9
        Челябинская область,1996,27.2
        Челябинская область,1997,22.1
        Челябинская область,1998,26.9
        Челябинская область,1999,32.3
        Челябинская область,2000,30.7
        Челябинская область,2001,34.3
        Челябинская область,2002,29.7
        Челябинская область,2003,24.5
        Челябинская область,2004,21.1
        Челябинская область,2005,14.9
        Челябинская область,2006,12.3
        Челябинская область,2007,11.6
        Челябинская область,2008,10.6
        Челябинская область,2009,10.8
        Челябинская область,2010,10.2
        Челябинская область,2011,10.8
        Челябинская область,2012,10.1
        Челябинская область,2013,11.1
        Челябинская область,2014,11.7
        Челябинская область,2015,13.7
        Челябинская область,2016,13.8
        Челябинская область,2017,13.2
        Челябинская область,2018,12.8
        Челябинская область,2019,12.8
        Челябинская область,2020,12.6
    Сибирский федеральный округ,2003,0.0
    Сибирский федеральный округ,2004,0.0
    Сибирский федеральный округ,2005,0.0
    Сибирский федеральный округ,2006,0.0
    Сибирский федеральный округ,2007,0.0
    Сибирский федеральный округ,2008,0.0
    Сибирский федеральный округ,2009,0.0
    Сибирский федеральный округ,2010,0.0
    Сибирский федеральный округ,2011,0.0
    Сибирский федеральный округ,2012,0.0
    Сибирский федеральный округ,2013,0.0
    Сибирский федеральный округ,2014,0.0
    Сибирский федеральный округ,2015,0.0
    Сибирский федеральный округ,2016,0.0
    Сибирский федеральный округ,2017,0.0
    Сибирский федеральный округ,2018,0.0
        Республика Алтай,1995,26.2
        Республика Алтай,1996,45.7
        Республика Алтай,1997,39.2
        Республика Алтай,1998,47.8
        Республика Алтай,1999,62.9
        Республика Алтай,2000,59.8
        Республика Алтай,2001,54.3
        Республика Алтай,2002,39.3
        Республика Алтай,2003,38.2
        Республика Алтай,2004,36.5
        Республика Алтай,2005,35.9
        Республика Алтай,2006,36.0
        Республика Алтай,2007,32.9
        Республика Алтай,2008,25.7
        Республика Алтай,2009,31.1
        Республика Алтай,2010,17.7
        Республика Алтай,2011,18.6
        Республика Алтай,2012,18.5
        Республика Алтай,2013,21.0
        Республика Алтай,2014,20.9
        Республика Алтай,2015,24.8
        Республика Алтай,2016,25.6
        Республика Алтай,2017,25.4
        Республика Алтай,2018,24.0
        Республика Алтай,2019,24.3
        Республика Алтай,2020,23.8
        Республика Тыва,1995,72.7
        Республика Тыва,1996,71.1
        Республика Тыва,1997,59.4
        Республика Тыва,1998,68.0
        Республика Тыва,1999,75.6
        Республика Тыва,2000,77.9
        Республика Тыва,2001,65.2
        Республика Тыва,2002,48.2
        Республика Тыва,2003,48.0
        Республика Тыва,2004,46.9
        Республика Тыва,2005,44.4
        Республика Тыва,2006,40.4
        Республика Тыва,2007,36.0
        Республика Тыва,2008,30.4
        Республика Тыва,2009,26.9
        Республика Тыва,2010,29.6
        Республика Тыва,2011,30.6
        Республика Тыва,2012,27.9
        Республика Тыва,2013,33.0
        Республика Тыва,2014,35.2
        Республика Тыва,2015,36.9
        Республика Тыва,2016,37.8
        Республика Тыва,2017,35.8
        Республика Тыва,2018,34.4
        Республика Тыва,2019,34.1
        Республика Тыва,2020,31.7
        Республика Хакасия,1995,24.7
        Республика Хакасия,1996,25.0
        Республика Хакасия,1997,24.5
        Республика Хакасия,1998,36.6
        Республика Хакасия,1999,40.5
        Республика Хакасия,2000,40.2
        Республика Хакасия,2001,37.5
        Республика Хакасия,2002,31.8
        Республика Хакасия,2003,28.4
        Республика Хакасия,2004,26.7
        Республика Хакасия,2005,26.9
        Республика Хакасия,2006,24.0
        Республика Хакасия,2007,20.2
        Республика Хакасия,2008,18.5
        Республика Хакасия,2009,20.8
        Республика Хакасия,2010,18.4
        Республика Хакасия,2011,18.6
        Республика Хакасия,2012,16.3
        Республика Хакасия,2013,17.8
        Республика Хакасия,2014,18.2
        Республика Хакасия,2015,19.2
        Республика Хакасия,2016,19.1
        Республика Хакасия,2017,18.8
        Республика Хакасия,2018,18.5
        Республика Хакасия,2019,19.0
        Республика Хакасия,2020,18.5
        Алтайский край,1995,33.7
        Алтайский край,1996,46.8
        Алтайский край,1997,45.7
        Алтайский край,1998,52.9
        Алтайский край,1999,53.8
        Алтайский край,2000,53.9
        Алтайский край,2001,47.3
        Алтайский край,2002,38.9
        Алтайский край,2003,33.9
        Алтайский край,2004,30.9
        Алтайский край,2005,24.9
        Алтайский край,2006,19.3
        Алтайский край,2007,20.1
        Алтайский край,2008,19.0
        Алтайский край,2009,24.4
        Алтайский край,2010,23.9
        Алтайский край,2011,22.6
        Алтайский край,2012,20.6
        Алтайский край,2013,17.6
        Алтайский край,2014,17.1
        Алтайский край,2015,18.0
        Алтайский край,2016,17.8
        Алтайский край,2017,17.5
        Алтайский край,2018,17.4
        Алтайский край,2019,17.6
        Алтайский край,2020,17.5
        Красноярский край,1995,24.2
        Красноярский край,1996,19.2
        Красноярский край,1997,17.5
        Красноярский край,1998,20.2
        Красноярский край,1999,21.1
        Красноярский край,2000,24.4
        Красноярский край,2001,24.6
        Красноярский край,2002,25.6
        Красноярский край,2003,24.7
        Красноярский край,2004,22.8
        Красноярский край,2005,21.4
        Красноярский край,2006,19.2
        Красноярский край,2007,15.8
        Красноярский край,2008,16.2
        Красноярский край,2009,17.7
        Красноярский край,2010,17.9
        Красноярский край,2011,18.1
        Красноярский край,2012,15.6
        Красноярский край,2013,15.6
        Красноярский край,2014,17.0
        Красноярский край,2015,18.9
        Красноярский край,2016,18.4
        Красноярский край,2017,17.6
        Красноярский край,2018,17.1
        Красноярский край,2019,17.3
        Красноярский край,2020,17.0
        Иркутская область,1995,31.6
        Иркутская область,1996,30.0
        Иркутская область,1997,26.5
        Иркутская область,1998,26.3
        Иркутская область,1999,30.5
        Иркутская область,2000,35.5
        Иркутская область,2001,36.6
        Иркутская область,2002,31.9
        Иркутская область,2003,31.1
        Иркутская область,2004,29.0
        Иркутская область,2005,21.3
        Иркутская область,2006,18.9
        Иркутская область,2007,18.4
        Иркутская область,2008,16.8
        Иркутская область,2009,18.5
        Иркутская область,2010,18.1
        Иркутская область,2011,19.2
        Иркутская область,2012,16.8
        Иркутская область,2013,17.0
        Иркутская область,2014,18.8
        Иркутская область,2015,20.7
        Иркутская область,2016,20.0
        Иркутская область,2017,18.0
        Иркутская область,2018,17.6
        Иркутская область,2019,17.9
        Иркутская область,2020,17.6
        Кемеровская область - Кузбасс,1995,16.1
        Кемеровская область - Кузбасс,1996,19.7
        Кемеровская область - Кузбасс,1997,17.6
        Кемеровская область - Кузбасс,1998,23.0
        Кемеровская область - Кузбасс,1999,29.8
        Кемеровская область - Кузбасс,2000,28.5
        Кемеровская область - Кузбасс,2001,25.4
        Кемеровская область - Кузбасс,2002,23.0
        Кемеровская область - Кузбасс,2003,20.1
        Кемеровская область - Кузбасс,2004,16.2
        Кемеровская область - Кузбасс,2005,12.8
        Кемеровская область - Кузбасс,2006,11.5
        Кемеровская область - Кузбасс,2007,10.7
        Кемеровская область - Кузбасс,2008,9.7
        Кемеровская область - Кузбасс,2009,11.7
        Кемеровская область - Кузбасс,2010,11.0
        Кемеровская область - Кузбасс,2011,11.6
        Кемеровская область - Кузбасс,2012,10.6
        Кемеровская область - Кузбасс,2013,13.9
        Кемеровская область - Кузбасс,2014,14.1
        Кемеровская область - Кузбасс,2015,15.7
        Кемеровская область - Кузбасс,2016,15.8
        Кемеровская область - Кузбасс,2017,14.9
        Кемеровская область - Кузбасс,2018,13.9
        Кемеровская область - Кузбасс,2019,13.6
        Кемеровская область - Кузбасс,2020,13.2
        Новосибирская область,1995,39.8
        Новосибирская область,1996,29.3
        Новосибирская область,1997,30.1
        Новосибирская область,1998,44.1
        Новосибирская область,1999,50.8
        Новосибирская область,2000,52.0
        Новосибирская область,2001,46.5
        Новосибирская область,2002,39.4
        Новосибирская область,2003,32.3
        Новосибирская область,2004,25.7
        Новосибирская область,2005,21.9
        Новосибирская область,2006,20.7
        Новосибирская область,2007,18.7
        Новосибирская область,2008,17.2
        Новосибирская область,2009,16.2
        Новосибирская область,2010,16.3
        Новосибирская область,2011,16.5
        Новосибирская область,2012,14.1
        Новосибирская область,2013,14.4
        Новосибирская область,2014,14.9
        Новосибирская область,2015,17.3
        Новосибирская область,2016,16.1
        Новосибирская область,2017,15.1
        Новосибирская область,2018,14.1
        Новосибирская область,2019,13.9
        Новосибирская область,2020,13.8
        Омская область,1995,29.7
        Омская область,1996,25.2
        Омская область,1997,23.4
        Омская область,1998,25.0
        Омская область,1999,34.6
        Омская область,2000,44.4
        Омская область,2001,30.2
        Омская область,2002,24.3
        Омская область,2003,21.0
        Омская область,2004,17.7
        Омская область,2005,16.1
        Омская область,2006,15.6
        Омская область,2007,14.0
        Омская область,2008,13.7
        Омская область,2009,15.1
        Омская область,2010,14.1
        Омская область,2011,12.7
        Омская область,2012,11.0
        Омская область,2013,12.5
        Омская область,2014,12.4
        Омская область,2015,14.2
        Омская область,2016,14.7
        Омская область,2017,14.2
        Омская область,2018,13.6
        Омская область,2019,13.9
        Омская область,2020,13.6
        Томская область,1995,30.6
        Томская область,1996,22.1
        Томская область,1997,19.8
        Томская область,1998,23.7
        Томская область,1999,26.5
        Томская область,2000,25.6
        Томская область,2001,26.2
        Томская область,2002,22.5
        Томская область,2003,20.2
        Томская область,2004,18.6
        Томская область,2005,16.4
        Томская область,2006,14.4
        Томская область,2007,13.2
        Томская область,2008,14.4
        Томская область,2009,17.6
        Томская область,2010,17.4
        Томская область,2011,17.8
        Томская область,2012,16.2
        Томская область,2013,13.0
        Томская область,2014,13.0
        Томская область,2015,14.9
        Томская область,2016,15.0
        Томская область,2017,14.8
        Томская область,2018,14.7
        Томская область,2019,14.8
        Томская область,2020,14.4
    Дальневосточный федеральный округ,2003,0.0
    Дальневосточный федеральный округ,2004,0.0
    Дальневосточный федеральный округ,2005,0.0
    Дальневосточный федеральный округ,2006,0.0
    Дальневосточный федеральный округ,2007,0.0
    Дальневосточный федеральный округ,2008,0.0
    Дальневосточный федеральный округ,2009,0.0
    Дальневосточный федеральный округ,2010,0.0
    Дальневосточный федеральный округ,2011,0.0
    Дальневосточный федеральный округ,2012,0.0
    Дальневосточный федеральный округ,2013,0.0
    Дальневосточный федеральный округ,2014,0.0
    Дальневосточный федеральный округ,2015,0.0
    Дальневосточный федеральный округ,2016,0.0
    Дальневосточный федеральный округ,2017,0.0
    Дальневосточный федеральный округ,2018,0.0
        Республика Бурятия,1995,54.3
        Республика Бурятия,1996,48.4
        Республика Бурятия,1997,33.0
        Республика Бурятия,1998,43.2
        Республика Бурятия,1999,47.5
        Республика Бурятия,2000,53.5
        Республика Бурятия,2001,48.6
        Республика Бурятия,2002,37.2
        Республика Бурятия,2003,36.7
        Республика Бурятия,2004,38.3
        Республика Бурятия,2005,32.6
        Республика Бурятия,2006,29.9
        Республика Бурятия,2007,25.2
        Республика Бурятия,2008,20.7
        Республика Бурятия,2009,19.1
        Республика Бурятия,2010,19.2
        Республика Бурятия,2011,20.1
        Республика Бурятия,2012,17.7
        Республика Бурятия,2013,17.5
        Республика Бурятия,2014,18.2
        Республика Бурятия,2015,18.9
        Республика Бурятия,2016,19.3
        Республика Бурятия,2017,19.0
        Республика Бурятия,2018,19.1
        Республика Бурятия,2019,20.1
        Республика Бурятия,2020,19.9
        Забайкальский край,1995,64.2
        Забайкальский край,1996,63.4
        Забайкальский край,1997,58.6
        Забайкальский край,1998,69.7
        Забайкальский край,1999,77.5
        Забайкальский край,2000,67.0
        Забайкальский край,2001,55.3
        Забайкальский край,2002,44.6
        Забайкальский край,2003,32.3
        Забайкальский край,2004,28.7
        Забайкальский край,2005,26.1
        Забайкальский край,2006,23.6
        Забайкальский край,2007,23.6
        Забайкальский край,2008,19.9
        Забайкальский край,2009,19.7
        Забайкальский край,2010,19.0
        Забайкальский край,2011,18.9
        Забайкальский край,2012,17.6
        Забайкальский край,2013,16.9
        Забайкальский край,2014,18.8
        Забайкальский край,2015,21.3
        Забайкальский край,2016,22.1
        Забайкальский край,2017,22.0
        Забайкальский край,2018,21.4
        Забайкальский край,2019,21.5
        Забайкальский край,2020,20.9
        Республика Саха (Якутия),1995,29.2
        Республика Саха (Якутия),1996,30.0
        Республика Саха (Якутия),1997,27.2
        Республика Саха (Якутия),1998,29.5
        Республика Саха (Якутия),1999,30.8
        Республика Саха (Якутия),2000,28.3
        Республика Саха (Якутия),2001,26.4
        Республика Саха (Якутия),2002,22.3
        Республика Саха (Якутия),2003,20.4
        Республика Саха (Якутия),2004,20.3
        Республика Саха (Якутия),2005,20.0
        Республика Саха (Якутия),2006,18.9
        Республика Саха (Якутия),2007,20.3
        Республика Саха (Якутия),2008,19.0
        Республика Саха (Якутия),2009,19.6
        Республика Саха (Якутия),2010,19.0
        Республика Саха (Якутия),2011,18.6
        Республика Саха (Якутия),2012,16.7
        Республика Саха (Якутия),2013,16.8
        Республика Саха (Якутия),2014,18.0
        Республика Саха (Якутия),2015,19.4
        Республика Саха (Якутия),2016,19.8
        Республика Саха (Якутия),2017,19.6
        Республика Саха (Якутия),2018,18.6
        Республика Саха (Якутия),2019,17.8
        Республика Саха (Якутия),2020,17.3
        Камчатский край,1995,22.7
        Камчатский край,1996,27.8
        Камчатский край,1997,25.6
        Камчатский край,1998,30.9
        Камчатский край,1999,32.1
        Камчатский край,2000,0.0
        Камчатский край,2001,0.0
        Камчатский край,2002,34.3
        Камчатский край,2003,26.6
        Камчатский край,2004,23.1
        Камчатский край,2005,25.2
        Камчатский край,2006,23.6
        Камчатский край,2007,20.5
        Камчатский край,2008,22.6
        Камчатский край,2009,21.2
        Камчатский край,2010,19.5
        Камчатский край,2011,19.2
        Камчатский край,2012,17.8
        Камчатский край,2013,16.7
        Камчатский край,2014,16.7
        Камчатский край,2015,17.1
        Камчатский край,2016,17.7
        Камчатский край,2017,16.8
        Камчатский край,2018,15.8
        Камчатский край,2019,14.9
        Камчатский край,2020,14.6
        Приморский край,1995,31.8
        Приморский край,1996,30.4
        Приморский край,1997,28.6
        Приморский край,1998,31.5
        Приморский край,1999,38.2
        Приморский край,2000,55.9
        Приморский край,2001,52.1
        Приморский край,2002,46.9
        Приморский край,2003,37.5
        Приморский край,2004,30.4
        Приморский край,2005,27.4
        Приморский край,2006,22.8
        Приморский край,2007,21.4
        Приморский край,2008,21.4
        Приморский край,2009,18.8
        Приморский край,2010,16.3
        Приморский край,2011,15.7
        Приморский край,2012,14.2
        Приморский край,2013,16.3
        Приморский край,2014,15.2
        Приморский край,2015,16.2
        Приморский край,2016,16.3
        Приморский край,2017,14.9
        Приморский край,2018,13.9
        Приморский край,2019,13.5
        Приморский край,2020,13.0
        Хабаровский край,1995,28.9
        Хабаровский край,1996,24.3
        Хабаровский край,1997,21.3
        Хабаровский край,1998,21.7
        Хабаровский край,1999,22.8
        Хабаровский край,2000,35.5
        Хабаровский край,2001,32.1
        Хабаровский край,2002,26.5
        Хабаровский край,2003,24.4
        Хабаровский край,2004,23.0
        Хабаровский край,2005,20.7
        Хабаровский край,2006,17.5
        Хабаровский край,2007,15.0
        Хабаровский край,2008,18.8
        Хабаровский край,2009,17.7
        Хабаровский край,2010,15.9
        Хабаровский край,2011,15.8
        Хабаровский край,2012,14.3
        Хабаровский край,2013,12.5
        Хабаровский край,2014,13.4
        Хабаровский край,2015,14.1
        Хабаровский край,2016,13.0
        Хабаровский край,2017,12.5
        Хабаровский край,2018,12.2
        Хабаровский край,2019,12.2
        Хабаровский край,2020,12.0
        Амурская область,1995,36.1
        Амурская область,1996,28.2
        Амурская область,1997,26.3
        Амурская область,1998,31.2
        Амурская область,1999,38.0
        Амурская область,2000,47.7
        Амурская область,2001,45.3
        Амурская область,2002,44.6
        Амурская область,2003,35.6
        Амурская область,2004,33.8
        Амурская область,2005,30.1
        Амурская область,2006,29.0
        Амурская область,2007,24.3
        Амурская область,2008,21.3
        Амурская область,2009,22.9
        Амурская область,2010,23.7
        Амурская область,2011,20.4
        Амурская область,2012,16.0
        Амурская область,2013,16.2
        Амурская область,2014,14.8
        Амурская область,2015,15.2
        Амурская область,2016,17.0
        Амурская область,2017,16.7
        Амурская область,2018,15.6
        Амурская область,2019,15.7
        Амурская область,2020,15.2
        Магаданская область,1995,23.2
        Магаданская область,1996,25.4
        Магаданская область,1997,23.4
        Магаданская область,1998,29.2
        Магаданская область,1999,39.4
        Магаданская область,2000,30.9
        Магаданская область,2001,25.5
        Магаданская область,2002,20.8
        Магаданская область,2003,18.4
        Магаданская область,2004,18.1
        Магаданская область,2005,18.6
        Магаданская область,2006,17.5
        Магаданская область,2007,16.2
        Магаданская область,2008,16.1
        Магаданская область,2009,15.3
        Магаданская область,2010,13.6
        Магаданская область,2011,13.9
        Магаданская область,2012,11.3
        Магаданская область,2013,12.2
        Магаданская область,2014,12.3
        Магаданская область,2015,12.9
        Магаданская область,2016,13.0
        Магаданская область,2017,11.1
        Магаданская область,2018,9.5
        Магаданская область,2019,9.3
        Магаданская область,2020,8.7
        Сахалинская область,1995,27.4
        Сахалинская область,1996,32.2
        Сахалинская область,1997,31.6
        Сахалинская область,1998,35.1
        Сахалинская область,1999,34.1
        Сахалинская область,2000,39.6
        Сахалинская область,2001,37.1
        Сахалинская область,2002,31.0
        Сахалинская область,2003,24.9
        Сахалинская область,2004,21.2
        Сахалинская область,2005,18.2
        Сахалинская область,2006,15.5
        Сахалинская область,2007,12.6
        Сахалинская область,2008,11.4
        Сахалинская область,2009,11.5
        Сахалинская область,2010,11.0
        Сахалинская область,2011,11.9
        Сахалинская область,2012,11.8
        Сахалинская область,2013,9.9
        Сахалинская область,2014,9.7
        Сахалинская область,2015,10.0
        Сахалинская область,2016,9.9
        Сахалинская область,2017,9.2
        Сахалинская область,2018,8.5
        Сахалинская область,2019,8.2
        Сахалинская область,2020,7.7
        Еврейская автономная область,1995,0.0
        Еврейская автономная область,1996,0.0
        Еврейская автономная область,1997,0.0
        Еврейская автономная область,1998,0.0
        Еврейская автономная область,1999,0.0
        Еврейская автономная область,2000,57.3
        Еврейская автономная область,2001,51.1
        Еврейская автономная область,2002,38.4
        Еврейская автономная область,2003,32.8
        Еврейская автономная область,2004,29.8
        Еврейская автономная область,2005,27.6
        Еврейская автономная область,2006,25.2
        Еврейская автономная область,2007,25.4
        Еврейская автономная область,2008,22.3
        Еврейская автономная область,2009,21.0
        Еврейская автономная область,2010,19.5
        Еврейская автономная область,2011,20.1
        Еврейская автономная область,2012,18.8
        Еврейская автономная область,2013,20.9
        Еврейская автономная область,2014,21.4
        Еврейская автономная область,2015,25.1
        Еврейская автономная область,2016,25.5
        Еврейская автономная область,2017,24.3
        Еврейская автономная область,2018,23.7
        Еврейская автономная область,2019,23.9
        Еврейская автономная область,2020,23.6
        Чукотский автономный округ,1995,0.0
        Чукотский автономный округ,1996,0.0
        Чукотский автономный округ,1997,0.0
        Чукотский автономный округ,1998,0.0
        Чукотский автономный округ,1999,0.0
        Чукотский автономный округ,2000,50.1
        Чукотский автономный округ,2001,32.8
        Чукотский автономный округ,2002,28.6
        Чукотский автономный округ,2003,19.2
        Чукотский автономный округ,2004,20.1
        Чукотский автономный округ,2005,15.1
        Чукотский автономный округ,2006,14.2
        Чукотский автономный округ,2007,13.3
        Чукотский автономный округ,2008,12.0
        Чукотский автономный округ,2009,11.9
        Чукотский автономный округ,2010,10.3
        Чукотский автономный округ,2011,9.0
        Чукотский автономный округ,2012,7.7
        Чукотский автономный округ,2013,7.5
        Чукотский автономный округ,2014,7.6
        Чукотский автономный округ,2015,8.6
        Чукотский автономный округ,2016,8.6
        Чукотский автономный округ,2017,8.5
        Чукотский автономный округ,2018,8.8
        Чукотский автономный округ,2019,8.5
        Чукотский автономный округ,2020,8.0
    Крымский федеральный округ,2015,0.0
